vendedor,total_vendido
Laura Fernández,245496554.42
Ana García,223207415.89999998
Juan Pérez,202184273.06
Pedro Ramírez,172819547.02
Carlos Ruiz,170142226.01999998
Sofia Torres,125479345.06
Luis Martínez,118116679.25
María López,102477198.81
